<?xml version="1.0" encoding="UTF-8"?>
<beans xmlns="http://www.springframework.org/schema/beans"
 xmlns:xsi="http://www.w3.org/2001/XMLSchema-instance"
 xmlns:context="http://www.springframework.org/schema/context"
 xmlns:p="http://www.springframework.org/schema/p"
 xmlns:c="http://www.springframework.org/schema/c"
 xsi:schemaLocation="http://www.springframework.org/schema/beans
 https://www.springframework.org/schema/beans/spring-beans.xsd
 https://www.springframework.org/schema/context
 https://www.springframework.org/schema/context/spring-context.xsd">
 
 	<bean class="com.springcore.auto.wire.Address" name="address">
 		<property name="street" value="FashionStreet" />
 		<property name="city" value="Mumbai"/>
 	</bean>
 	
 
 	<bean class="com.springcore.auto.wire.Address" name="address1">
 		<property name="street" value="NewYorkStreat" />
 		<property name="city" value="Delhi"/>
 	</bean>
 	
 	<bean class="com.springcore.auto.wire.Emp" name="emp1" autowire="byName"/>
 		

</beans>