<?xml version="1.0" encoding="UTF-8"?>
<beans xmlns="http://www.springframework.org/schema/beans"
 xmlns:xsi="http://www.w3.org/2001/XMLSchema-instance"
 xmlns:context="http://www.springframework.org/schema/context"
 xmlns:p="http://www.springframework.org/schema/p"
 xsi:schemaLocation="http://www.springframework.org/schema/beans
 https://www.springframework.org/schema/beans/spring-beans.xsd
 https://www.springframework.org/schema/context
 https://www.springframework.org/schema/context/spring-context.xsd">
 
 	<bean name="Emp1" class="com.springcore.collection.Emp">
 		<property name="name" value="Radhe" />
 		
 		<property name="phones">
 			<list>
 				<value>8469246384</value>
 				<value>6355393859</value>
 			</list>
 		</property>
 		
 		<property name="address">
 			<set>
 				<value>Delhi</value>
 				<value>Lucknow</value>
 				<value>Kanpur</value>
 			</set>
 		</property>
 		
 		<property name="courses">
 			<map>
 				<entry key="Java" value="2month"/>
  				<entry key="python" value="1.5month"/>
  				<entry key="c" value="1month"/>
 			</map>
 		</property>
 	</bean>

 
 
 
</beans>